id_transaccion,fecha,hora,cajero,cedula_cliente,nombre_cliente,subtotal,iva,total,metodo_pago,estado,valida_hasta
TX-0001,2025-05-11,17:49:53,Cajero_01,0101262382,Diana Herrera Vargas,3.9,0.47,4.37,Transferencia,COMPLETADA,2026-05-11
TX-0002,2025-05-12,10:23:22,Cajero_01,1017351517,Veronica Torres Morales,12.8,1.54,14.34,QR,COMPLETADA,2026-05-12
TX-0003,2025-05-12,13:01:27,Cajero_01,0430649691,Andres Perez Pacheco,8.9,1.07,9.97,Efectivo,COMPLETADA,2026-05-12
TX-0004,2025-05-13,13:24:20,Cajero_01,1548468772,Marco Guerrero Rivera,12.3,1.48,13.78,Efectivo,COMPLETADA,2026-05-13
TX-0005,2025-05-14,08:27:24,Cajero_01,0209800873,Luis Miguel Reyes Rivera,16.3,1.96,18.26,Tarjeta,COMPLETADA,2026-05-14
TX-0006,2025-05-14,10:41:35,Cajero_01,1938002392,Raul Garcia Carrillo,24.0,2.88,26.88,Efectivo,COMPLETADA,2026-05-14
TX-0007,2025-05-15,08:52:06,Cajero_01,0430649691,Andres Perez Pacheco,5.3,0.64,5.94,Efectivo,COMPLETADA,2026-05-15
TX-0008,2025-05-15,20:08:30,Cajero_01,0742219824,Andres Vega Ortega,16.5,1.98,18.48,Tarjeta,COMPLETADA,2026-05-15
TX-0009,2025-05-16,12:51:35,Cajero_01,1527096887,Manuel Pacheco Pacheco,4.6,0.55,5.15,Efectivo,COMPLETADA,2026-05-16
TX-0010,2025-05-16,14:42:02,Cajero_01,0925363836,Diana Flores Torres,7.9,0.95,8.85,QR,COMPLETADA,2026-05-16
TX-0011,2025-05-18,15:12:41,Cajero_01,0124813613,Sebastian Vargas Delgado,8.8,1.06,9.86,Efectivo,COMPLETADA,2026-05-18
TX-0012,2025-05-18,20:59:24,Cajero_01,1552566765,Fernanda Morales Suarez,12.0,1.44,13.44,Efectivo,COMPLETADA,2026-05-18
TX-0013,2025-05-19,12:24:11,Cajero_01,1950454696,Manuel Jimenez Romero,11.65,1.4,13.05,QR,COMPLETADA,2026-05-19
TX-0014,2025-05-21,08:36:05,Cajero_01,1938002392,Raul Garcia Carrillo,4.4,0.53,4.93,QR,COMPLETADA,2026-05-21
TX-0015,2025-05-21,08:38:37,Cajero_01,1100156287,Monica Flores Mendoza,3.4,0.41,3.81,Transferencia,COMPLETADA,2026-05-21
TX-0016,2025-05-21,10:40:45,Cajero_01,2252919694,Fernanda Vega Jimenez,17.3,2.08,19.38,Efectivo,COMPLETADA,2026-05-21
TX-0017,2025-05-25,12:34:38,Cajero_01,1815440561,Andres Aguirre Suarez,11.6,1.39,12.99,QR,COMPLETADA,2026-05-25
TX-0018,2025-05-26,08:27:03,Cajero_01,0311149597,Gabriela Rodriguez Castro,7.2,0.86,8.06,Efectivo,COMPLETADA,2026-05-26
TX-0019,2025-05-30,10:02:12,Cajero_01,1800848731,Elena Carrillo Carrillo,4.25,0.51,4.76,Efectivo,COMPLETADA,2026-05-30
TX-0020,2025-05-30,12:57:09,Cajero_01,1800848731,Elena Carrillo Carrillo,12.1,1.45,13.55,Efectivo,COMPLETADA,2026-05-30
TX-0021,2025-06-01,12:35:00,Cajero_01,0223524499,Daniela Morales Medina,7.4,0.89,8.29,Transferencia,COMPLETADA,2026-06-01
TX-0022,2025-06-01,18:13:42,Cajero_01,0755229731,Manuel Vargas Cabrera,5.4,0.65,6.05,Efectivo,COMPLETADA,2026-06-01
TX-0023,2025-06-02,16:58:58,Cajero_01,2120212267,Daniel Martinez Castro,11.0,1.32,12.32,Tarjeta,COMPLETADA,2026-06-02
TX-0024,2025-06-04,14:11:02,Cajero_01,2122710895,Gabriel Cabrera Gonzalez,13.65,1.64,15.29,Efectivo,COMPLETADA,2026-06-04
TX-0025,2025-06-07,08:35:31,Cajero_01,0432237058,Ana Lucia Vargas Torres,9.5,1.14,10.64,Transferencia,COMPLETADA,2026-06-07
TX-0026,2025-06-07,13:51:40,Cajero_01,1832592974,Roberto Morales Cabrera,4.6,0.55,5.15,Efectivo,COMPLETADA,2026-06-07
TX-0027,2025-06-07,18:12:37,Cajero_01,0604364698,Patricia Carrillo Mendoza,13.4,1.61,15.01,QR,COMPLETADA,2026-06-07
TX-0028,2025-06-07,20:06:13,Cajero_01,0327563202,Camila Carrillo Torres,13.4,1.61,15.01,QR,COMPLETADA,2026-06-07
TX-0029,2025-06-08,09:40:30,Cajero_01,0409281552,Veronica Gonzalez Ramirez,7.0,0.84,7.84,Transferencia,COMPLETADA,2026-06-08
TX-0030,2025-06-09,17:12:17,Cajero_01,0315207974,Monica Guerrero Rivera,1.5,0.18,1.68,Efectivo,COMPLETADA,2026-06-09
TX-0031,2025-06-10,19:12:08,Cajero_01,1323679591,Mateo Medina Romero,15.9,1.91,17.81,Efectivo,COMPLETADA,2026-06-10
TX-0032,2025-06-11,14:38:58,Cajero_01,2122710895,Gabriel Cabrera Gonzalez,11.6,1.39,12.99,Efectivo,COMPLETADA,2026-06-11
TX-0033,2025-06-12,09:06:04,Cajero_01,0655573147,Veronica Herrera Garcia,17.2,2.06,19.26,QR,COMPLETADA,2026-06-12
TX-0034,2025-06-14,11:22:32,Cajero_01,0430649691,Andres Perez Pacheco,11.95,1.43,13.38,Transferencia,COMPLETADA,2026-06-14
TX-0035,2025-06-15,09:01:46,Cajero_01,1800848731,Elena Carrillo Carrillo,12.8,1.54,14.34,Efectivo,COMPLETADA,2026-06-15
TX-0036,2025-06-15,12:30:25,Cajero_01,0412684052,Carmen Cabrera Rodriguez,10.5,1.26,11.76,Efectivo,COMPLETADA,2026-06-15
TX-0037,2025-06-15,13:35:08,Cajero_01,1449162579,Claudia Jimenez Carrillo,6.6,0.79,7.39,Efectivo,COMPLETADA,2026-06-15
TX-0038,2025-06-17,16:18:00,Cajero_01,0432237058,Ana Lucia Vargas Torres,0.8,0.1,0.9,Tarjeta,COMPLETADA,2026-06-17
TX-0039,2025-06-19,17:58:54,Cajero_01,0627761611,Nicolas Gonzalez Herrera,2.2,0.26,2.46,Transferencia,COMPLETADA,2026-06-19
TX-0040,2025-06-19,20:24:07,Cajero_01,1905825112,Vanessa Pacheco Lopez,3.6,0.43,4.03,QR,COMPLETADA,2026-06-19
TX-0041,2025-06-22,09:38:43,Cajero_01,1734013879,Andres Cabrera Cabrera,10.0,1.2,11.2,Efectivo,COMPLETADA,2026-06-22
TX-0042,2025-06-24,10:21:20,Cajero_01,2009416129,Valeria Torres Castro,8.0,0.96,8.96,Tarjeta,COMPLETADA,2026-06-24
TX-0043,2025-06-25,17:07:20,Cajero_01,1544667265,Marco Herrera Torres,6.3,0.76,7.06,Efectivo,COMPLETADA,2026-06-25
TX-0044,2025-06-27,20:09:10,Cajero_01,0859418194,Patricia Ramirez Gonzalez,22.4,2.69,25.09,Tarjeta,COMPLETADA,2026-06-27
TX-0045,2025-06-29,16:05:39,Cajero_01,1832592974,Roberto Morales Cabrera,19.5,2.34,21.84,QR,COMPLETADA,2026-06-29
TX-0046,2025-06-29,19:04:44,Cajero_01,0124813613,Sebastian Vargas Delgado,9.25,1.11,10.36,QR,COMPLETADA,2026-06-29
TX-0047,2025-07-02,13:32:16,Cajero_01,1832592974,Roberto Morales Cabrera,5.4,0.65,6.05,Tarjeta,COMPLETADA,2026-07-02
TX-0048,2025-07-07,08:44:34,Cajero_01,0303823498,Cristian Sanchez Molina,2.6,0.31,2.91,QR,COMPLETADA,2026-07-07
TX-0049,2025-07-07,17:05:51,Cajero_01,1641221854,Juan Carlos Rodriguez Torres,4.2,0.5,4.7,Efectivo,COMPLETADA,2026-07-07
TX-0050,2025-07-08,09:12:33,Cajero_01,1017351517,Veronica Torres Morales,7.2,0.86,8.06,Efectivo,COMPLETADA,2026-07-08
TX-0051,2025-07-08,16:39:20,Cajero_01,1938002392,Raul Garcia Carrillo,13.7,1.64,15.34,Efectivo,COMPLETADA,2026-07-08
TX-0052,2025-07-08,18:27:05,Cajero_01,0223761823,Maria Jose Reyes Vargas,9.1,1.09,10.19,Efectivo,COMPLETADA,2026-07-08
TX-0053,2025-07-10,08:51:53,Cajero_01,2022090865,Laura Aguirre Rivera,25.75,3.09,28.84,Efectivo,COMPLETADA,2026-07-10
TX-0054,2025-07-10,15:51:11,Cajero_01,1641221854,Juan Carlos Rodriguez Torres,2.9,0.35,3.25,Efectivo,COMPLETADA,2026-07-10
TX-0055,2025-07-14,10:09:34,Cajero_01,1815440561,Andres Aguirre Suarez,6.6,0.79,7.39,QR,COMPLETADA,2026-07-14
TX-0056,2025-07-14,19:51:39,Cajero_01,0327563202,Camila Carrillo Torres,17.25,2.07,19.32,Transferencia,COMPLETADA,2026-07-14
TX-0057,2025-07-15,10:57:28,Cajero_01,0223761823,Maria Jose Reyes Vargas,9.0,1.08,10.08,Tarjeta,COMPLETADA,2026-07-15
TX-0058,2025-07-17,19:47:42,Cajero_01,0344918715,Rosa Aguirre Jimenez,3.9,0.47,4.37,Efectivo,COMPLETADA,2026-07-17
TX-0059,2025-07-19,11:26:40,Cajero_01,0447290770,Cristian Ramirez Rodriguez,4.0,0.48,4.48,QR,COMPLETADA,2026-07-19
TX-0060,2025-07-19,19:42:24,Cajero_01,0443656838,Patricia Ortega Vega,6.75,0.81,7.56,QR,COMPLETADA,2026-07-19
TX-0061,2025-07-20,13:40:38,Cajero_01,0223761823,Maria Jose Reyes Vargas,1.2,0.14,1.34,Transferencia,COMPLETADA,2026-07-20
TX-0062,2025-07-21,14:48:32,Cajero_01,0433671545,Raul Garcia Medina,14.4,1.73,16.13,Transferencia,COMPLETADA,2026-07-21
TX-0063,2025-07-22,17:05:53,Cajero_01,0409281552,Veronica Gonzalez Ramirez,3.5,0.42,3.92,Tarjeta,COMPLETADA,2026-07-22
TX-0064,2025-07-22,19:19:33,Cajero_01,0627761611,Nicolas Gonzalez Herrera,6.1,0.73,6.83,Efectivo,COMPLETADA,2026-07-22
TX-0065,2025-07-28,16:15:15,Cajero_01,0347078673,Oscar Medina Vargas,12.0,1.44,13.44,Transferencia,COMPLETADA,2026-07-28
TX-0066,2025-07-29,18:27:11,Cajero_01,0412684052,Carmen Cabrera Rodriguez,19.3,2.32,21.62,Efectivo,COMPLETADA,2026-07-29
TX-0067,2025-07-30,13:13:54,Cajero_01,1114456272,Diego Vega Molina,8.9,1.07,9.97,Transferencia,COMPLETADA,2026-07-30
TX-0068,2025-07-31,11:46:36,Cajero_01,1343188992,Vanessa Castro Lopez,11.5,1.38,12.88,Efectivo,COMPLETADA,2026-07-31
TX-0069,2025-08-01,14:50:06,Cajero_01,1504159166,Paola Medina Castro,10.9,1.31,12.21,Tarjeta,COMPLETADA,2026-08-01
TX-0070,2025-08-03,17:57:09,Cajero_01,1837799287,Victor Ramirez Guerrero,4.5,0.54,5.04,Efectivo,COMPLETADA,2026-08-03
TX-0071,2025-08-04,16:50:51,Cajero_01,0655573147,Veronica Herrera Garcia,10.5,1.26,11.76,Tarjeta,COMPLETADA,2026-08-04
TX-0072,2025-08-05,19:04:56,Cajero_01,1108293086,Javier Vega Jimenez,8.0,0.96,8.96,Efectivo,COMPLETADA,2026-08-05
TX-0073,2025-08-06,17:15:56,Cajero_01,0124813613,Sebastian Vargas Delgado,11.5,1.38,12.88,Efectivo,COMPLETADA,2026-08-06
TX-0074,2025-08-07,10:30:47,Cajero_01,1430908841,Mateo Morales Herrera,4.4,0.53,4.93,Transferencia,COMPLETADA,2026-08-07
TX-0075,2025-08-07,20:01:44,Cajero_01,1104171761,Rosa Rodriguez Jimenez,2.6,0.31,2.91,Efectivo,COMPLETADA,2026-08-07
TX-0076,2025-08-12,08:32:20,Cajero_01,0347078673,Oscar Medina Vargas,7.5,0.9,8.4,Tarjeta,COMPLETADA,2026-08-12
TX-0077,2025-08-14,09:44:40,Cajero_01,2244476583,Laura Reyes Lopez,5.2,0.62,5.82,QR,COMPLETADA,2026-08-14
TX-0078,2025-08-14,10:55:18,Cajero_01,1938002392,Raul Garcia Carrillo,13.7,1.64,15.34,Transferencia,COMPLETADA,2026-08-14
TX-0079,2025-08-15,09:00:32,Cajero_01,0159304682,Ivan Suarez Castro,0.8,0.1,0.9,QR,COMPLETADA,2026-08-15
TX-0080,2025-08-15,09:31:10,Cajero_01,1800848731,Elena Carrillo Carrillo,14.35,1.72,16.07,Efectivo,COMPLETADA,2026-08-15
TX-0081,2025-08-16,14:17:31,Cajero_01,1905825112,Vanessa Pacheco Lopez,3.9,0.47,4.37,Efectivo,COMPLETADA,2026-08-16
TX-0082,2025-08-17,11:38:13,Cajero_01,0843694634,Juan Carlos Romero Vargas,14.7,1.76,16.46,Efectivo,COMPLETADA,2026-08-17
TX-0083,2025-08-18,14:55:52,Cajero_01,1820463060,Natalia Vega Delgado,14.8,1.78,16.58,Tarjeta,COMPLETADA,2026-08-18
TX-0084,2025-08-20,17:29:03,Cajero_01,0744449324,Roberto Martinez Vargas,6.75,0.81,7.56,Tarjeta,COMPLETADA,2026-08-20
TX-0085,2025-08-23,16:12:42,Cajero_01,1403470105,Camila Vargas Mendoza,1.5,0.18,1.68,Transferencia,COMPLETADA,2026-08-23
TX-0086,2025-08-25,16:20:49,Cajero_01,1853305700,Mateo Garcia Castro,3.5,0.42,3.92,QR,COMPLETADA,2026-08-25
TX-0087,2025-08-26,12:26:21,Cajero_01,0347078673,Oscar Medina Vargas,9.4,1.13,10.53,Tarjeta,COMPLETADA,2026-08-26
TX-0088,2025-08-27,11:41:16,Cajero_01,0455007072,Claudia Perez Castro,10.55,1.27,11.82,Efectivo,COMPLETADA,2026-08-27
TX-0089,2025-08-27,12:07:41,Cajero_01,0344918715,Rosa Aguirre Jimenez,4.8,0.58,5.38,Tarjeta,COMPLETADA,2026-08-27
TX-0090,2025-08-28,10:42:03,Cajero_01,0447290770,Cristian Ramirez Rodriguez,1.3,0.16,1.46,Efectivo,COMPLETADA,2026-08-28
TX-0091,2025-08-29,08:49:41,Cajero_01,1905825112,Vanessa Pacheco Lopez,4.3,0.52,4.82,Tarjeta,COMPLETADA,2026-08-29
TX-0092,2025-08-30,14:52:42,Cajero_01,0904682940,Diego Jimenez Rivera,9.6,1.15,10.75,Efectivo,COMPLETADA,2026-08-30
TX-0093,2025-09-01,13:39:16,Cajero_01,1837799287,Victor Ramirez Guerrero,3.0,0.36,3.36,Tarjeta,COMPLETADA,2026-09-01
TX-0094,2025-09-02,16:36:05,Cajero_01,1634348512,Veronica Perez Reyes,4.9,0.59,5.49,Efectivo,COMPLETADA,2026-09-02
TX-0095,2025-09-03,09:15:34,Cajero_01,1449162579,Claudia Jimenez Carrillo,11.3,1.36,12.66,QR,COMPLETADA,2026-09-03
TX-0096,2025-09-03,10:44:55,Cajero_01,1938002392,Raul Garcia Carrillo,22.2,2.66,24.86,Transferencia,COMPLETADA,2026-09-03
TX-0097,2025-09-04,18:45:26,Cajero_01,0207106422,Veronica Aguirre Carrillo,15.9,1.91,17.81,QR,COMPLETADA,2026-09-04
TX-0098,2025-09-06,16:59:04,Cajero_01,0434663623,Silvia Torres Carrillo,16.0,1.92,17.92,Transferencia,COMPLETADA,2026-09-06
TX-0099,2025-09-09,18:14:53,Cajero_01,1100156287,Monica Flores Mendoza,5.2,0.62,5.82,Transferencia,COMPLETADA,2026-09-09
TX-0100,2025-09-10,14:07:51,Cajero_01,0209800873,Luis Miguel Reyes Rivera,1.8,0.22,2.02,Efectivo,COMPLETADA,2026-09-10
TX-0101,2025-09-12,19:18:57,Cajero_01,1336705062,Jessica Sanchez Molina,3.4,0.41,3.81,Efectivo,COMPLETADA,2026-09-12
TX-0102,2025-09-13,08:53:08,Cajero_01,0315207974,Monica Guerrero Rivera,8.7,1.04,9.74,Efectivo,COMPLETADA,2026-09-13
TX-0103,2025-09-13,13:20:06,Cajero_01,0223761823,Maria Jose Reyes Vargas,4.5,0.54,5.04,Efectivo,COMPLETADA,2026-09-13
TX-0104,2025-09-13,16:09:49,Cajero_01,0754479144,Fernando Morales Morales,1.15,0.14,1.29,Efectivo,COMPLETADA,2026-09-13
TX-0105,2025-09-13,19:26:14,Cajero_01,1114456272,Diego Vega Molina,1.3,0.16,1.46,QR,COMPLETADA,2026-09-13
TX-0106,2025-09-14,19:52:05,Cajero_01,1223818418,Beatriz Aguirre Mendoza,2.1,0.25,2.35,Efectivo,COMPLETADA,2026-09-14
TX-0107,2025-09-17,08:14:07,Cajero_01,1606523941,Pablo Ramirez Herrera,5.7,0.68,6.38,Transferencia,COMPLETADA,2026-09-17
TX-0108,2025-09-17,08:22:45,Cajero_01,0303823498,Cristian Sanchez Molina,2.5,0.3,2.8,Efectivo,COMPLETADA,2026-09-17
TX-0109,2025-09-17,13:08:09,Cajero_01,1403470105,Camila Vargas Mendoza,7.6,0.91,8.51,Efectivo,COMPLETADA,2026-09-17
TX-0110,2025-09-18,09:37:15,Cajero_01,1950454696,Manuel Jimenez Romero,23.1,2.77,25.87,Tarjeta,COMPLETADA,2026-09-18
TX-0111,2025-09-18,10:37:48,Cajero_01,1832592974,Roberto Morales Cabrera,14.0,1.68,15.68,Tarjeta,COMPLETADA,2026-09-18
TX-0112,2025-09-19,14:12:28,Cajero_01,0209800873,Luis Miguel Reyes Rivera,19.1,2.29,21.39,Efectivo,COMPLETADA,2026-09-19
TX-0113,2025-09-19,19:22:08,Cajero_01,0628852897,Laura Ortega Vargas,10.2,1.22,11.42,Transferencia,COMPLETADA,2026-09-19
TX-0114,2025-09-21,09:54:07,Cajero_01,0432237058,Ana Lucia Vargas Torres,5.1,0.61,5.71,Transferencia,COMPLETADA,2026-09-21
TX-0115,2025-09-26,13:12:01,Cajero_01,1527096887,Manuel Pacheco Pacheco,9.0,1.08,10.08,Efectivo,COMPLETADA,2026-09-26
TX-0116,2025-09-28,18:00:37,Cajero_01,0311149597,Gabriela Rodriguez Castro,6.7,0.8,7.5,Efectivo,COMPLETADA,2026-09-28
TX-0117,2025-09-29,14:57:08,Cajero_01,2038877065,Jose Antonio Jimenez Jimenez,9.6,1.15,10.75,Transferencia,COMPLETADA,2026-09-29
TX-0118,2025-10-02,16:02:45,Cajero_01,0843694634,Juan Carlos Romero Vargas,7.2,0.86,8.06,QR,COMPLETADA,2026-10-02
TX-0119,2025-10-04,10:53:08,Cajero_01,1108293086,Javier Vega Jimenez,3.55,0.43,3.98,Tarjeta,COMPLETADA,2026-10-04
TX-0120,2025-10-07,08:41:28,Cajero_01,0758375710,Alejandro Molina Rivera,4.5,0.54,5.04,Efectivo,COMPLETADA,2026-10-07
TX-0121,2025-10-09,14:43:37,Cajero_01,0628852897,Laura Ortega Vargas,8.4,1.01,9.41,Efectivo,COMPLETADA,2026-10-09
TX-0122,2025-10-10,11:07:09,Cajero_01,2111709620,Cristian Molina Delgado,9.0,1.08,10.08,Efectivo,COMPLETADA,2026-10-10
TX-0123,2025-10-11,16:28:39,Cajero_01,0904682940,Diego Jimenez Rivera,1.8,0.22,2.02,QR,COMPLETADA,2026-10-11
TX-0124,2025-10-15,11:43:16,Cajero_01,0810341919,Luis Miguel Cabrera Garcia,5.1,0.61,5.71,Efectivo,COMPLETADA,2026-10-15
TX-0125,2025-10-16,16:05:05,Cajero_01,1950454696,Manuel Jimenez Romero,7.75,0.93,8.68,Efectivo,COMPLETADA,2026-10-16
TX-0126,2025-10-17,19:13:15,Cajero_01,0327563202,Camila Carrillo Torres,3.0,0.36,3.36,Efectivo,COMPLETADA,2026-10-17
TX-0127,2025-10-18,11:48:51,Cajero_01,0415218367,Fernando Guerrero Guerrero,3.2,0.38,3.58,Tarjeta,COMPLETADA,2026-10-18
TX-0128,2025-10-18,17:02:37,Cajero_01,0207106422,Veronica Aguirre Carrillo,1.5,0.18,1.68,Efectivo,COMPLETADA,2026-10-18
TX-0129,2025-10-19,16:20:12,Cajero_01,1800848731,Elena Carrillo Carrillo,8.4,1.01,9.41,Transferencia,COMPLETADA,2026-10-19
TX-0130,2025-10-20,12:01:28,Cajero_01,1853305700,Mateo Garcia Castro,7.85,0.94,8.79,Efectivo,COMPLETADA,2026-10-20
TX-0131,2025-10-20,15:24:23,Cajero_01,2038877065,Jose Antonio Jimenez Jimenez,20.0,2.4,22.4,Efectivo,COMPLETADA,2026-10-20
TX-0132,2025-10-21,18:35:18,Cajero_01,1017351517,Veronica Torres Morales,13.5,1.62,15.12,Efectivo,COMPLETADA,2026-10-21
TX-0133,2025-10-25,19:22:51,Cajero_01,0859418194,Patricia Ramirez Gonzalez,6.3,0.76,7.06,Efectivo,COMPLETADA,2026-10-25
TX-0134,2025-10-25,20:59:36,Cajero_01,1114456272,Diego Vega Molina,8.5,1.02,9.52,QR,COMPLETADA,2026-10-25
TX-0135,2025-10-26,11:45:04,Cajero_01,1815440561,Andres Aguirre Suarez,5.4,0.65,6.05,Efectivo,COMPLETADA,2026-10-26
TX-0136,2025-10-26,17:52:23,Cajero_01,1537418210,Vanessa Suarez Rivera,7.1,0.85,7.95,Efectivo,COMPLETADA,2026-10-26
TX-0137,2025-10-26,20:31:04,Cajero_01,2249482934,Vanessa Martinez Herrera,3.0,0.36,3.36,Transferencia,COMPLETADA,2026-10-26
TX-0138,2025-10-30,12:52:50,Cajero_01,0430649691,Andres Perez Pacheco,1.5,0.18,1.68,Efectivo,COMPLETADA,2026-10-30
TX-0139,2025-10-30,19:50:46,Cajero_01,2122710895,Gabriel Cabrera Gonzalez,5.0,0.6,5.6,Efectivo,COMPLETADA,2026-10-30
TX-0140,2025-10-31,14:16:56,Cajero_01,1633194548,Melissa Torres Pacheco,5.9,0.71,6.61,Efectivo,COMPLETADA,2026-10-31
TX-0141,2025-11-03,08:57:31,Cajero_01,0742219824,Andres Vega Ortega,8.7,1.04,9.74,Tarjeta,COMPLETADA,2026-11-03
TX-0142,2025-11-04,11:41:27,Cajero_01,1017351517,Veronica Torres Morales,13.45,1.61,15.06,QR,COMPLETADA,2026-11-04
TX-0143,2025-11-05,16:13:57,Cajero_01,1552566765,Fernanda Morales Suarez,4.95,0.59,5.54,QR,COMPLETADA,2026-11-05
TX-0144,2025-11-08,19:18:54,Cajero_01,0628852897,Laura Ortega Vargas,5.3,0.64,5.94,QR,COMPLETADA,2026-11-08
TX-0145,2025-11-08,19:30:59,Cajero_01,0303823498,Cristian Sanchez Molina,8.4,1.01,9.41,Efectivo,COMPLETADA,2026-11-08
TX-0146,2025-11-09,19:04:37,Cajero_01,0327563202,Camila Carrillo Torres,23.6,2.83,26.43,Efectivo,COMPLETADA,2026-11-09
TX-0147,2025-11-12,19:52:56,Cajero_01,0723652414,Diana Ortega Gonzalez,8.1,0.97,9.07,Efectivo,COMPLETADA,2026-11-12
TX-0148,2025-11-15,09:01:07,Cajero_01,1430908841,Mateo Morales Herrera,16.1,1.93,18.03,Tarjeta,COMPLETADA,2026-11-15
TX-0149,2025-11-15,13:11:45,Cajero_01,0604364698,Patricia Carrillo Mendoza,16.1,1.93,18.03,Tarjeta,COMPLETADA,2026-11-15
TX-0150,2025-11-19,14:24:12,Cajero_01,0859418194,Patricia Ramirez Gonzalez,7.2,0.86,8.06,Transferencia,COMPLETADA,2026-11-19
TX-0151,2025-11-21,10:22:55,Cajero_01,0415218367,Fernando Guerrero Guerrero,4.2,0.5,4.7,Efectivo,COMPLETADA,2026-11-21
TX-0152,2025-11-22,10:34:27,Cajero_01,0223761823,Maria Jose Reyes Vargas,7.15,0.86,8.01,Efectivo,COMPLETADA,2026-11-22
TX-0153,2025-11-23,09:17:53,Cajero_01,1537418210,Vanessa Suarez Rivera,1.2,0.14,1.34,Efectivo,COMPLETADA,2026-11-23
TX-0154,2025-11-23,16:43:44,Cajero_01,1537418210,Vanessa Suarez Rivera,3.6,0.43,4.03,Efectivo,COMPLETADA,2026-11-23
TX-0155,2025-11-24,14:01:19,Cajero_01,0159304682,Ivan Suarez Castro,4.4,0.53,4.93,Tarjeta,COMPLETADA,2026-11-24
TX-0156,2025-11-24,18:06:04,Cajero_01,1800848731,Elena Carrillo Carrillo,16.8,2.02,18.82,Transferencia,COMPLETADA,2026-11-24
TX-0157,2025-11-25,09:00:38,Cajero_01,0209800873,Luis Miguel Reyes Rivera,0.5,0.06,0.56,Transferencia,COMPLETADA,2026-11-25
TX-0158,2025-11-27,20:43:47,Cajero_01,0455007072,Claudia Perez Castro,3.75,0.45,4.2,Transferencia,COMPLETADA,2026-11-27
TX-0159,2025-11-30,20:13:04,Cajero_01,1548468772,Marco Guerrero Rivera,8.0,0.96,8.96,QR,COMPLETADA,2026-11-30
TX-0160,2025-12-01,10:30:30,Cajero_01,1114428914,Javier Sanchez Molina,10.1,1.21,11.31,Tarjeta,COMPLETADA,2026-12-01
TX-0161,2025-12-01,13:52:51,Cajero_01,2122710895,Gabriel Cabrera Gonzalez,13.15,1.58,14.73,Tarjeta,COMPLETADA,2026-12-01
TX-0162,2025-12-02,08:20:44,Cajero_01,1527096887,Manuel Pacheco Pacheco,4.2,0.5,4.7,Efectivo,COMPLETADA,2026-12-02
TX-0163,2025-12-03,14:12:38,Cajero_01,1224017343,Melissa Garcia Lopez,4.0,0.48,4.48,QR,COMPLETADA,2026-12-03
TX-0164,2025-12-05,15:30:16,Cajero_01,0159304682,Ivan Suarez Castro,12.5,1.5,14.0,QR,COMPLETADA,2026-12-05
TX-0165,2025-12-07,11:36:55,Cajero_01,1100156287,Monica Flores Mendoza,13.4,1.61,15.01,Efectivo,COMPLETADA,2026-12-07
TX-0166,2025-12-07,20:50:55,Cajero_01,2122710895,Gabriel Cabrera Gonzalez,8.1,0.97,9.07,Efectivo,COMPLETADA,2026-12-07
TX-0167,2025-12-10,12:23:35,Cajero_01,1403470105,Camila Vargas Mendoza,16.8,2.02,18.82,Efectivo,COMPLETADA,2026-12-10
TX-0168,2025-12-10,14:23:27,Cajero_01,0755229731,Manuel Vargas Cabrera,1.0,0.12,1.12,Transferencia,COMPLETADA,2026-12-10
TX-0169,2025-12-10,20:32:20,Cajero_01,0223761823,Maria Jose Reyes Vargas,3.1,0.37,3.47,Tarjeta,COMPLETADA,2026-12-10
TX-0170,2025-12-12,08:34:07,Cajero_01,1114456272,Diego Vega Molina,8.1,0.97,9.07,Tarjeta,COMPLETADA,2026-12-12
TX-0171,2025-12-12,12:04:32,Cajero_01,1527096887,Manuel Pacheco Pacheco,15.2,1.82,17.02,Tarjeta,COMPLETADA,2026-12-12
TX-0172,2025-12-12,19:39:37,Cajero_01,0843694634,Juan Carlos Romero Vargas,8.75,1.05,9.8,Efectivo,COMPLETADA,2026-12-12
TX-0173,2025-12-16,10:30:12,Cajero_01,1134960271,Santiago Vega Herrera,10.4,1.25,11.65,Transferencia,COMPLETADA,2026-12-16
TX-0174,2025-12-16,16:34:24,Cajero_01,0159304682,Ivan Suarez Castro,16.95,2.03,18.98,Efectivo,COMPLETADA,2026-12-16
TX-0175,2025-12-18,17:38:20,Cajero_01,2111709620,Cristian Molina Delgado,2.8,0.34,3.14,Efectivo,COMPLETADA,2026-12-18
TX-0176,2025-12-19,12:42:32,Cajero_01,2122710895,Gabriel Cabrera Gonzalez,25.0,3.0,28.0,Efectivo,COMPLETADA,2026-12-19
TX-0177,2025-12-19,16:50:42,Cajero_01,1552566765,Fernanda Morales Suarez,3.0,0.36,3.36,QR,COMPLETADA,2026-12-19
TX-0178,2025-12-20,10:00:41,Cajero_01,0159304682,Ivan Suarez Castro,4.8,0.58,5.38,Tarjeta,COMPLETADA,2026-12-20
TX-0179,2025-12-21,10:34:22,Cajero_01,1017351517,Veronica Torres Morales,11.8,1.42,13.22,Efectivo,COMPLETADA,2026-12-21
TX-0180,2025-12-22,16:18:19,Cajero_01,0209800873,Luis Miguel Reyes Rivera,4.0,0.48,4.48,Efectivo,COMPLETADA,2026-12-22
TX-0181,2025-12-23,14:50:59,Cajero_01,1552566765,Fernanda Morales Suarez,17.1,2.05,19.15,Efectivo,COMPLETADA,2026-12-23
TX-0182,2025-12-23,18:16:30,Cajero_01,0651422633,Ricardo Pacheco Medina,12.55,1.51,14.06,Efectivo,COMPLETADA,2026-12-23
TX-0183,2025-12-24,11:19:54,Cajero_01,1606523941,Pablo Ramirez Herrera,5.5,0.66,6.16,QR,COMPLETADA,2026-12-24
TX-0184,2025-12-24,19:50:38,Cajero_01,1854107245,Vanessa Suarez Perez,7.6,0.91,8.51,Efectivo,COMPLETADA,2026-12-24
TX-0185,2025-12-25,09:10:37,Cajero_01,0742219824,Andres Vega Ortega,10.9,1.31,12.21,Transferencia,COMPLETADA,2026-12-25
TX-0186,2025-12-29,11:07:22,Cajero_01,1343188992,Vanessa Castro Lopez,1.8,0.22,2.02,Efectivo,COMPLETADA,2026-12-29
TX-0187,2026-01-01,10:13:59,Cajero_01,0553589533,Eduardo Torres Jimenez,15.3,1.84,17.14,Efectivo,COMPLETADA,2027-01-01
TX-0188,2026-01-03,15:17:47,Cajero_01,0447290770,Cristian Ramirez Rodriguez,6.7,0.8,7.5,QR,COMPLETADA,2027-01-03
TX-0189,2026-01-03,16:22:59,Cajero_01,1552566765,Fernanda Morales Suarez,9.9,1.19,11.09,Efectivo,COMPLETADA,2027-01-03
TX-0190,2026-01-08,18:52:26,Cajero_01,1854107245,Vanessa Suarez Perez,9.45,1.13,10.58,Efectivo,COMPLETADA,2027-01-08
TX-0191,2026-01-12,17:23:44,Cajero_01,2038877065,Jose Antonio Jimenez Jimenez,9.6,1.15,10.75,Transferencia,COMPLETADA,2027-01-12
TX-0192,2026-01-12,20:07:50,Cajero_01,1552566765,Fernanda Morales Suarez,4.35,0.52,4.87,Tarjeta,COMPLETADA,2027-01-12
TX-0193,2026-01-13,15:58:20,Cajero_01,0515647119,Fernanda Rivera Ramirez,8.3,1.0,9.3,QR,COMPLETADA,2027-01-13
TX-0194,2026-01-15,14:24:29,Cajero_01,0816818496,Jose Antonio Aguirre Cabrera,10.0,1.2,11.2,QR,COMPLETADA,2027-01-15
TX-0195,2026-01-15,18:34:50,Cajero_01,0758375710,Alejandro Molina Rivera,7.2,0.86,8.06,Transferencia,COMPLETADA,2027-01-15
TX-0196,2026-01-15,19:40:35,Cajero_01,2038877065,Jose Antonio Jimenez Jimenez,8.25,0.99,9.24,Efectivo,COMPLETADA,2027-01-15
TX-0197,2026-01-20,18:33:46,Cajero_01,0347078673,Oscar Medina Vargas,2.25,0.27,2.52,Transferencia,COMPLETADA,2027-01-20
TX-0198,2026-01-21,16:56:06,Cajero_01,0744449324,Roberto Martinez Vargas,6.2,0.74,6.94,Efectivo,COMPLETADA,2027-01-21
TX-0199,2026-01-22,09:28:45,Cajero_01,1634348512,Veronica Perez Reyes,11.8,1.42,13.22,Efectivo,COMPLETADA,2027-01-22
TX-0200,2026-01-22,12:40:11,Cajero_01,1223818418,Beatriz Aguirre Mendoza,12.0,1.44,13.44,Efectivo,COMPLETADA,2027-01-22
TX-0201,2026-01-24,08:08:35,Cajero_01,0630054447,Roberto Flores Herrera,13.6,1.63,15.23,Transferencia,COMPLETADA,2027-01-24
TX-0202,2026-01-25,11:45:22,Cajero_01,0630054447,Roberto Flores Herrera,11.3,1.36,12.66,Efectivo,COMPLETADA,2027-01-25
TX-0203,2026-01-26,16:16:09,Cajero_01,1430908841,Mateo Morales Herrera,21.5,2.58,24.08,Efectivo,COMPLETADA,2027-01-26
TX-0204,2026-01-27,11:35:48,Cajero_01,1527096887,Manuel Pacheco Pacheco,9.2,1.1,10.3,Efectivo,COMPLETADA,2027-01-27
TX-0205,2026-01-28,08:21:33,Cajero_01,1832592974,Roberto Morales Cabrera,12.6,1.51,14.11,QR,COMPLETADA,2027-01-28
TX-0206,2026-01-28,12:30:53,Cajero_01,1854107245,Vanessa Suarez Perez,5.8,0.7,6.5,Transferencia,COMPLETADA,2027-01-28
TX-0207,2026-01-30,10:37:43,Cajero_01,0816818496,Jose Antonio Aguirre Cabrera,17.6,2.11,19.71,Efectivo,COMPLETADA,2027-01-30
TX-0208,2026-01-30,15:57:40,Cajero_01,2236654757,Martha Flores Romero,1.6,0.19,1.79,Efectivo,COMPLETADA,2027-01-30
TX-0209,2026-02-02,13:42:34,Cajero_01,1017351517,Veronica Torres Morales,10.5,1.26,11.76,Efectivo,COMPLETADA,2027-02-02
TX-0210,2026-02-02,14:12:57,Cajero_01,0303823498,Cristian Sanchez Molina,4.8,0.58,5.38,Efectivo,COMPLETADA,2027-02-02
TX-0211,2026-02-02,19:09:28,Cajero_01,0859418194,Patricia Ramirez Gonzalez,3.2,0.38,3.58,Transferencia,COMPLETADA,2027-02-02
TX-0212,2026-02-04,10:05:23,Cajero_01,0223761823,Maria Jose Reyes Vargas,1.2,0.14,1.34,Efectivo,COMPLETADA,2027-02-04
TX-0213,2026-02-05,11:19:16,Cajero_01,0444130808,Rodrigo Torres Jimenez,8.1,0.97,9.07,Transferencia,COMPLETADA,2027-02-05
TX-0214,2026-02-07,09:36:25,Cajero_01,1449162579,Claudia Jimenez Carrillo,2.4,0.29,2.69,Efectivo,COMPLETADA,2027-02-07
TX-0215,2026-02-08,08:28:43,Cajero_01,0223524499,Daniela Morales Medina,15.5,1.86,17.36,Efectivo,COMPLETADA,2027-02-08
TX-0216,2026-02-09,08:43:39,Cajero_01,0655573147,Veronica Herrera Garcia,16.7,2.0,18.7,QR,COMPLETADA,2027-02-09
TX-0217,2026-02-09,15:59:04,Cajero_01,0409281552,Veronica Gonzalez Ramirez,7.6,0.91,8.51,Efectivo,COMPLETADA,2027-02-09
TX-0218,2026-02-14,09:18:25,Cajero_01,1853305700,Mateo Garcia Castro,1.8,0.22,2.02,QR,COMPLETADA,2027-02-14
TX-0219,2026-02-14,12:35:15,Cajero_01,0553589533,Eduardo Torres Jimenez,7.5,0.9,8.4,Efectivo,COMPLETADA,2027-02-14
TX-0220,2026-02-14,13:43:54,Cajero_01,1104171761,Rosa Rodriguez Jimenez,14.0,1.68,15.68,Tarjeta,COMPLETADA,2027-02-14
TX-0221,2026-02-16,12:02:42,Cajero_01,1114456272,Diego Vega Molina,9.4,1.13,10.53,Tarjeta,COMPLETADA,2027-02-16
TX-0222,2026-02-20,12:20:29,Cajero_01,0630054447,Roberto Flores Herrera,12.6,1.51,14.11,QR,COMPLETADA,2027-02-20
TX-0223,2026-02-21,08:28:59,Cajero_01,0913744854,Monica Lopez Garcia,2.6,0.31,2.91,Transferencia,COMPLETADA,2027-02-21
TX-0224,2026-02-21,16:40:39,Cajero_01,0327563202,Camila Carrillo Torres,12.45,1.49,13.94,Efectivo,COMPLETADA,2027-02-21
TX-0225,2026-02-25,13:05:45,Cajero_01,0124813613,Sebastian Vargas Delgado,2.2,0.26,2.46,Tarjeta,COMPLETADA,2027-02-25
TX-0226,2026-02-25,20:07:14,Cajero_01,1134960271,Santiago Vega Herrera,12.3,1.48,13.78,Transferencia,COMPLETADA,2027-02-25
TX-0227,2026-02-26,19:24:50,Cajero_01,0303823498,Cristian Sanchez Molina,3.6,0.43,4.03,QR,COMPLETADA,2027-02-26
TX-0228,2026-02-27,18:06:15,Cajero_01,1100156287,Monica Flores Mendoza,11.95,1.43,13.38,Tarjeta,COMPLETADA,2027-02-27
TX-0229,2026-02-28,11:05:49,Cajero_01,0444130808,Rodrigo Torres Jimenez,6.35,0.76,7.11,Efectivo,COMPLETADA,2027-02-28
TX-0230,2026-02-28,19:24:11,Cajero_01,0447290770,Cristian Ramirez Rodriguez,10.7,1.28,11.98,Efectivo,COMPLETADA,2027-02-28
TX-0231,2026-03-03,12:15:20,Cajero_01,1633194548,Melissa Torres Pacheco,4.0,0.48,4.48,Tarjeta,COMPLETADA,2027-03-03
TX-0232,2026-03-04,12:57:42,Cajero_01,0742219824,Andres Vega Ortega,0.8,0.1,0.9,Efectivo,COMPLETADA,2027-03-04
TX-0233,2026-03-05,12:11:52,Cajero_01,1552566765,Fernanda Morales Suarez,7.5,0.9,8.4,QR,COMPLETADA,2027-03-05
TX-0234,2026-03-05,14:40:23,Cajero_01,0810341919,Luis Miguel Cabrera Garcia,14.1,1.69,15.79,Efectivo,COMPLETADA,2027-03-05
TX-0235,2026-03-07,09:33:16,Cajero_01,0443656838,Patricia Ortega Vega,3.0,0.36,3.36,QR,COMPLETADA,2027-03-07
TX-0236,2026-03-07,17:01:01,Cajero_01,1323679591,Mateo Medina Romero,4.55,0.55,5.1,Tarjeta,COMPLETADA,2027-03-07
TX-0237,2026-03-08,13:02:47,Cajero_01,1114428914,Javier Sanchez Molina,17.8,2.14,19.94,QR,COMPLETADA,2027-03-08
TX-0238,2026-03-09,09:16:28,Cajero_01,0433671545,Raul Garcia Medina,2.4,0.29,2.69,Efectivo,COMPLETADA,2027-03-09
TX-0239,2026-03-09,19:25:02,Cajero_01,0755229731,Manuel Vargas Cabrera,9.0,1.08,10.08,Tarjeta,COMPLETADA,2027-03-09
TX-0240,2026-03-10,16:48:09,Cajero_01,0444130808,Rodrigo Torres Jimenez,8.7,1.04,9.74,Efectivo,COMPLETADA,2027-03-10
TX-0241,2026-03-10,18:20:32,Cajero_01,1327072684,Nicolas Rivera Rivera,3.6,0.43,4.03,Transferencia,COMPLETADA,2027-03-10
TX-0242,2026-03-11,10:32:42,Cajero_01,1224017343,Melissa Garcia Lopez,0.9,0.11,1.01,Efectivo,COMPLETADA,2027-03-11
TX-0243,2026-03-16,17:30:59,Cajero_01,2022090865,Laura Aguirre Rivera,16.5,1.98,18.48,QR,COMPLETADA,2027-03-16
TX-0244,2026-03-17,18:20:54,Cajero_01,2249482934,Vanessa Martinez Herrera,7.35,0.88,8.23,Efectivo,COMPLETADA,2027-03-17
TX-0245,2026-03-18,14:07:06,Cajero_01,1323679591,Mateo Medina Romero,3.0,0.36,3.36,Efectivo,COMPLETADA,2027-03-18
TX-0246,2026-03-19,10:04:29,Cajero_01,1820463060,Natalia Vega Delgado,11.35,1.36,12.71,Tarjeta,COMPLETADA,2027-03-19
TX-0247,2026-03-20,14:28:19,Cajero_01,1244437923,Roberto Morales Carrillo,7.5,0.9,8.4,Efectivo,COMPLETADA,2027-03-20
TX-0248,2026-03-21,13:38:33,Cajero_01,0754479144,Fernando Morales Morales,3.9,0.47,4.37,Efectivo,COMPLETADA,2027-03-21
TX-0249,2026-03-22,08:32:25,Cajero_01,1641221854,Juan Carlos Rodriguez Torres,19.9,2.39,22.29,Efectivo,COMPLETADA,2027-03-22
TX-0250,2026-03-24,09:17:56,Cajero_01,0209800873,Luis Miguel Reyes Rivera,20.7,2.48,23.18,Efectivo,COMPLETADA,2027-03-24
TX-0251,2026-03-24,13:36:14,Cajero_01,0434663623,Silvia Torres Carrillo,10.3,1.24,11.54,Transferencia,COMPLETADA,2027-03-24
TX-0252,2026-03-28,16:38:27,Cajero_01,0415218367,Fernando Guerrero Guerrero,11.7,1.4,13.1,Efectivo,COMPLETADA,2027-03-28
TX-0253,2026-03-30,13:34:37,Cajero_01,1224017343,Melissa Garcia Lopez,3.8,0.46,4.26,Efectivo,COMPLETADA,2027-03-30
TX-0254,2026-04-02,14:32:26,Cajero_01,0347078673,Oscar Medina Vargas,19.7,2.36,22.06,Efectivo,COMPLETADA,2027-04-02
TX-0255,2026-04-03,10:01:16,Cajero_01,0816818496,Jose Antonio Aguirre Cabrera,5.8,0.7,6.5,Efectivo,COMPLETADA,2027-04-03
TX-0256,2026-04-05,11:56:26,Cajero_01,1134491946,Beatriz Rodriguez Pacheco,1.6,0.19,1.79,Efectivo,COMPLETADA,2027-04-05
TX-0257,2026-04-05,15:20:54,Cajero_01,0415218367,Fernando Guerrero Guerrero,9.3,1.12,10.42,Efectivo,COMPLETADA,2027-04-05
TX-0258,2026-04-06,20:08:20,Cajero_01,0347078673,Oscar Medina Vargas,0.6,0.07,0.67,Tarjeta,COMPLETADA,2027-04-06
TX-0259,2026-04-09,11:39:29,Cajero_01,0859418194,Patricia Ramirez Gonzalez,5.15,0.62,5.77,Efectivo,COMPLETADA,2027-04-09
TX-0260,2026-04-12,08:09:02,Cajero_01,0209800873,Luis Miguel Reyes Rivera,6.6,0.79,7.39,Efectivo,COMPLETADA,2027-04-12
TX-0261,2026-04-13,10:48:00,Cajero_01,2244476583,Laura Reyes Lopez,2.2,0.26,2.46,Transferencia,COMPLETADA,2027-04-13
TX-0262,2026-04-13,17:10:18,Cajero_01,0409281552,Veronica Gonzalez Ramirez,13.1,1.57,14.67,QR,COMPLETADA,2027-04-13
TX-0263,2026-04-14,08:56:01,Cajero_01,0754479144,Fernando Morales Morales,16.1,1.93,18.03,Efectivo,COMPLETADA,2027-04-14
TX-0264,2026-04-15,14:10:27,Cajero_01,1606523941,Pablo Ramirez Herrera,15.3,1.84,17.14,Efectivo,COMPLETADA,2027-04-15
TX-0265,2026-04-18,12:17:14,Cajero_01,0925363836,Diana Flores Torres,19.0,2.28,21.28,Efectivo,COMPLETADA,2027-04-18
TX-0266,2026-04-18,17:09:20,Cajero_01,0810341919,Luis Miguel Cabrera Garcia,16.2,1.94,18.14,Efectivo,COMPLETADA,2027-04-18
TX-0267,2026-04-19,12:00:36,Cajero_01,0124813613,Sebastian Vargas Delgado,5.9,0.71,6.61,Tarjeta,COMPLETADA,2027-04-19
TX-0268,2026-04-20,20:32:58,Cajero_01,0651422633,Ricardo Pacheco Medina,1.8,0.22,2.02,Transferencia,COMPLETADA,2027-04-20
TX-0269,2026-04-22,16:11:29,Cajero_01,1134491946,Beatriz Rodriguez Pacheco,5.0,0.6,5.6,Efectivo,COMPLETADA,2027-04-22
TX-0270,2026-04-25,09:31:04,Cajero_01,2244476583,Laura Reyes Lopez,39.9,4.79,44.69,Transferencia,COMPLETADA,2027-04-25
TX-0271,2026-04-26,17:32:39,Cajero_01,0311149597,Gabriela Rodriguez Castro,17.8,2.14,19.94,Tarjeta,COMPLETADA,2027-04-26
TX-0272,2026-04-27,11:36:25,Cajero_01,0159304682,Ivan Suarez Castro,14.0,1.68,15.68,Efectivo,COMPLETADA,2027-04-27
TX-0273,2026-04-27,14:36:53,Cajero_01,1815440561,Andres Aguirre Suarez,10.3,1.24,11.54,Transferencia,COMPLETADA,2027-04-27
TX-0274,2026-04-30,10:22:41,Cajero_01,0443656838,Patricia Ortega Vega,29.4,3.53,32.93,Efectivo,COMPLETADA,2027-04-30
TX-0275,2026-04-30,17:04:14,Cajero_01,0810341919,Luis Miguel Cabrera Garcia,11.8,1.42,13.22,Efectivo,COMPLETADA,2027-04-30
TX-0276,2026-05-01,18:01:48,Cajero_01,0216358113,Silvia Jimenez Medina,14.6,1.75,16.35,Efectivo,COMPLETADA,2027-05-01
TX-0277,2026-05-02,20:42:43,Cajero_01,0303823498,Cristian Sanchez Molina,5.0,0.6,5.6,Efectivo,COMPLETADA,2027-05-02
TX-0278,2026-05-05,13:41:52,Cajero_01,1537418210,Vanessa Suarez Rivera,5.4,0.65,6.05,Efectivo,COMPLETADA,2027-05-05
TX-0279,2026-05-07,11:26:55,Cajero_01,1100156287,Monica Flores Mendoza,15.1,1.81,16.91,QR,COMPLETADA,2027-05-07
TX-0280,2026-05-08,11:43:47,Cajero_01,2122710895,Gabriel Cabrera Gonzalez,12.3,1.48,13.78,Efectivo,COMPLETADA,2027-05-08
TX-0281,2026-05-12,00:13:23,Cajero_01,9999999999,Consumidor Final,4.2,0.5,4.7,Efectivo,COMPLETADA,2027-05-12
TX-0282,2026-05-12,14:16:32,Cajero_01,9999999999,Consumidor Final,1.25,0.15,1.4,Efectivo,COMPLETADA,2027-05-12
TX-0283,2026-05-12,14:17:52,Cajero_01,9999999999,Consumidor Final,1.8,0.22,2.02,Efectivo,COMPLETADA,2027-05-12
TX-0284,2026-05-12,14:20:55,Cajero_01,9999999999,Consumidor Final,0.9,0.11,1.01,Efectivo,COMPLETADA,2027-05-12
TX-0285,2026-05-12,14:48:52,Cajero_01,9999999999,Consumidor Final,5.5,0.66,6.16,Efectivo,COMPLETADA,2027-05-12
TX-0286,2026-05-12,15:05:59,Cajero_01,1724306495,Daniel Araujo,2.2,0.26,2.46,Efectivo,COMPLETADA,2027-05-12
