cedula,nombre,email,telefono,fecha_registro
0913744854,Monica Lopez Garcia,monica18@gmail.com,0923756669,2025-05-30
0347078673,Oscar Medina Vargas,oscar5@gmail.com,0913999315,2026-03-25
2009416129,Valeria Torres Castro,valeria26@gmail.com,0997226012,2025-05-17
1544667265,Marco Herrera Torres,marco1@gmail.com,0931429110,2025-05-19
0515647119,Fernanda Rivera Ramirez,fernanda14@gmail.com,0922448136,2025-10-29
1244437923,Roberto Morales Carrillo,roberto6@gmail.com,0971662963,2025-08-10
0344918715,Rosa Aguirre Jimenez,rosa81@gmail.com,0993016315,2025-11-07
0303823498,Cristian Sanchez Molina,cristian99@gmail.com,0948840994,2026-04-01
0434663623,Silvia Torres Carrillo,silvia59@gmail.com,0995320121,2025-11-06
0754479144,Fernando Morales Morales,fernando90@gmail.com,0996977837,2026-04-05
1854107245,Vanessa Suarez Perez,vanessa21@gmail.com,0972043515,2025-10-29
1815440561,Andres Aguirre Suarez,andres99@gmail.com,0917507864,2026-01-14
1134491946,Beatriz Rodriguez Pacheco,beatriz9@gmail.com,0938317637,2025-07-25
0758375710,Alejandro Molina Rivera,alejandro51@gmail.com,0996282117,2025-09-19
0859418194,Patricia Ramirez Gonzalez,patricia69@gmail.com,0945264581,2025-07-16
1323679591,Mateo Medina Romero,mateo18@gmail.com,0978387461,2025-09-01
0412684052,Carmen Cabrera Rodriguez,carmen88@gmail.com,0966661351,2025-07-10
2038877065,Jose Antonio Jimenez Jimenez,jose.antonio33@gmail.com,0984252722,2026-05-06
2244476583,Laura Reyes Lopez,laura99@gmail.com,0996028436,2025-11-18
0630054447,Roberto Flores Herrera,roberto93@gmail.com,0945351479,2025-08-28
0455007072,Claudia Perez Castro,claudia82@gmail.com,0978137358,2025-07-04
0648897858,Diego Gonzalez Morales,diego1@gmail.com,0990388981,2025-11-27
1224017343,Melissa Garcia Lopez,melissa8@gmail.com,0942329237,2025-07-25
1608937326,Jose Antonio Martinez Reyes,jose.antonio99@gmail.com,0926879290,2026-03-07
0628852897,Laura Ortega Vargas,laura78@gmail.com,0966792612,2026-01-23
0755229731,Manuel Vargas Cabrera,manuel52@gmail.com,0997225156,2025-11-01
1504159166,Paola Medina Castro,paola29@gmail.com,0918593410,2025-11-19
0843694634,Juan Carlos Romero Vargas,juan.carlos1@gmail.com,0919528530,2025-05-14
0305543670,Monica Rodriguez Torres,monica10@gmail.com,0979008866,2026-01-10
0742219824,Andres Vega Ortega,andres93@gmail.com,0986644106,2025-07-20
1633194548,Melissa Torres Pacheco,melissa13@gmail.com,0923009833,2025-06-08
1430908841,Mateo Morales Herrera,mateo87@gmail.com,0997705310,2025-06-15
1104171761,Rosa Rodriguez Jimenez,rosa25@gmail.com,0935529407,2025-08-10
0627761611,Nicolas Gonzalez Herrera,nicolas32@gmail.com,0920117988,2025-09-27
1800848731,Elena Carrillo Carrillo,elena84@gmail.com,0982556484,2026-05-04
0816818496,Jose Antonio Aguirre Cabrera,jose.antonio63@gmail.com,0974606833,2026-01-22
0216358113,Silvia Jimenez Medina,silvia1@gmail.com,0962401521,2025-12-27
1527096887,Manuel Pacheco Pacheco,manuel90@gmail.com,0984593961,2025-06-07
0723652414,Diana Ortega Gonzalez,diana8@gmail.com,0987736262,2025-08-07
0209800873,Luis Miguel Reyes Rivera,luis.miguel62@gmail.com,0977491435,2025-08-13
0311149597,Gabriela Rodriguez Castro,gabriela77@gmail.com,0919121552,2025-05-31
0444130808,Rodrigo Torres Jimenez,rodrigo75@gmail.com,0989795010,2026-04-21
2249482934,Vanessa Martinez Herrera,vanessa67@gmail.com,0952462441,2025-12-29
1114456272,Diego Vega Molina,diego51@gmail.com,0927566185,2025-06-02
1100156287,Monica Flores Mendoza,monica59@gmail.com,0993370583,2025-07-27
0744449324,Roberto Martinez Vargas,roberto17@gmail.com,0956843172,2026-04-06
1017351517,Veronica Torres Morales,veronica70@gmail.com,0950603163,2025-07-02
0159304682,Ivan Suarez Castro,ivan39@gmail.com,0999038526,2026-03-19
0409281552,Veronica Gonzalez Ramirez,veronica20@gmail.com,0946553958,2025-12-18
1114428914,Javier Sanchez Molina,javier65@gmail.com,0975569635,2026-01-03
0207106422,Veronica Aguirre Carrillo,veronica36@gmail.com,0915917225,2026-05-10
2122710895,Gabriel Cabrera Gonzalez,gabriel95@gmail.com,0969302158,2025-08-02
0101262382,Diana Herrera Vargas,diana89@gmail.com,0930005727,2025-08-05
1942484601,Luis Miguel Delgado Morales,luis.miguel56@gmail.com,0927105448,2026-04-20
0223524499,Daniela Morales Medina,daniela88@gmail.com,0943491314,2025-06-04
1832592974,Roberto Morales Cabrera,roberto31@gmail.com,0931810617,2026-02-10
0655573147,Veronica Herrera Garcia,veronica53@gmail.com,0999913412,2026-01-04
0430649691,Andres Perez Pacheco,andres61@gmail.com,0939854548,2026-01-29
1223818418,Beatriz Aguirre Mendoza,beatriz29@gmail.com,0913176186,2025-06-08
0904682940,Diego Jimenez Rivera,diego45@gmail.com,0996098221,2025-08-24
1820463060,Natalia Vega Delgado,natalia15@gmail.com,0945059710,2026-02-09
0447290770,Cristian Ramirez Rodriguez,cristian45@gmail.com,0952101056,2025-09-30
1343188992,Vanessa Castro Lopez,vanessa33@gmail.com,0915957459,2025-05-14
1853305700,Mateo Garcia Castro,mateo47@gmail.com,0967887757,2026-04-06
2022090865,Laura Aguirre Rivera,laura93@gmail.com,0950308572,2025-08-25
1134960271,Santiago Vega Herrera,santiago71@gmail.com,0927084279,2026-02-02
2252919694,Fernanda Vega Jimenez,fernanda79@gmail.com,0986384014,2025-12-08
0124813613,Sebastian Vargas Delgado,sebastian27@gmail.com,0967698610,2025-07-19
1537418210,Vanessa Suarez Rivera,vanessa87@gmail.com,0938682516,2025-08-23
0651422633,Ricardo Pacheco Medina,ricardo37@gmail.com,0979182797,2025-06-06
0315207974,Monica Guerrero Rivera,monica29@gmail.com,0936726767,2026-02-25
1641221854,Juan Carlos Rodriguez Torres,juan.carlos59@gmail.com,0965625330,2025-06-23
1336705062,Jessica Sanchez Molina,jessica32@gmail.com,0929806690,2025-06-10
0433671545,Raul Garcia Medina,raul23@gmail.com,0979519112,2025-09-16
0432237058,Ana Lucia Vargas Torres,ana.lucia60@gmail.com,0999600766,2025-08-13
1548468772,Marco Guerrero Rivera,marco55@gmail.com,0983534128,2025-09-25
1634348512,Veronica Perez Reyes,veronica97@gmail.com,0943183955,2025-06-19
1734013879,Andres Cabrera Cabrera,andres36@gmail.com,0969038700,2026-04-02
0925363836,Diana Flores Torres,diana70@gmail.com,0920814950,2026-03-02
0553589533,Eduardo Torres Jimenez,eduardo9@gmail.com,0965682626,2025-10-15
1403470105,Camila Vargas Mendoza,camila54@gmail.com,0962274692,2025-07-16
1938002392,Raul Garcia Carrillo,raul1@gmail.com,0957212267,2025-12-10
1449162579,Claudia Jimenez Carrillo,claudia78@gmail.com,0939600202,2025-09-04
1606523941,Pablo Ramirez Herrera,pablo44@gmail.com,0999774697,2025-05-29
0632141239,Elena Jimenez Reyes,elena80@gmail.com,0981688860,2026-04-28
1950454696,Manuel Jimenez Romero,manuel11@gmail.com,0996268397,2025-10-04
0604364698,Patricia Carrillo Mendoza,patricia49@gmail.com,0953936531,2026-01-23
1327072684,Nicolas Rivera Rivera,nicolas33@gmail.com,0920993268,2025-09-13
0223761823,Maria Jose Reyes Vargas,maria.jose84@gmail.com,0919209801,2025-06-12
0810341919,Luis Miguel Cabrera Garcia,luis.miguel80@gmail.com,0930452412,2026-01-09
0443656838,Patricia Ortega Vega,patricia60@gmail.com,0944392446,2025-11-04
0415218367,Fernando Guerrero Guerrero,fernando14@gmail.com,0987669750,2026-04-28
2236654757,Martha Flores Romero,martha92@gmail.com,0936619372,2026-04-03
2111709620,Cristian Molina Delgado,cristian90@gmail.com,0950477742,2025-05-26
1905825112,Vanessa Pacheco Lopez,vanessa69@gmail.com,0967495923,2025-06-07
2120212267,Daniel Martinez Castro,daniel54@gmail.com,0975793759,2026-03-18
1552566765,Fernanda Morales Suarez,fernanda56@gmail.com,0933640702,2025-08-17
1837799287,Victor Ramirez Guerrero,victor56@gmail.com,0989520597,2025-12-25
0327563202,Camila Carrillo Torres,camila32@gmail.com,0972372114,2025-07-24
1108293086,Javier Vega Jimenez,javier42@gmail.com,0934406132,2025-09-04
1724306497,Alejandro Suarez,alejo.suarez@gmail.com,0939441750,2026-05-12
1720306491,Gabriel Angos,gabo.angos@gmail.com,0939541701,2026-05-12
1720306921,Daniel Araujo,daniel.araujo@gmail.com,0939541702,2026-05-12
1720306922,Daniel Araujo,daniel.araujo@gmail.com,0939541702,2026-05-12
1720306944,Daniel Araujo,daniel.araujo@gmail.com,0939541702,2026-05-12
1720445896,Daniel Araujo,daniel.araujo@gmail.com,0939541702,2026-05-12
1724306495,Daniel Araujo,daniel.araujo@gmail.com,0939541708,2026-05-12
